{"text":"You fail to jump over the small pothole and you trip over yourself in mid air. When you land you do so on your face with -1 HP and -1 Dignity.  As you wipe the dirt off your face and pick yourself up, and realize you have a decision to make.","skillmod":{"skill":"none","value":"0"},"exit":[{"trigger":"racked with regret you tearfully run back to the tavern","check":{"skill":"none","value":"0"},"out":"2B","fail":""},{"trigger":"you steady your heart and walk away","check":{"skill":"none","value":"0"},"out":"3B","fail":""}]}