{"text":"You happily agree to do your job and start sobbing uncontrollably content that you have a stable job in this highly competitive industry. With a smile on your face you walk onto a dirt road with a spring in your step. Until suddenly you spot a crossroads sign pointing in 2 directions. To the North lies the Orchard and South lies the Village, both seem quite interesting and you can’t help but consider the pros and cons of both options.","skillmod":{"skill":"none","value":"0"},"exit":[{"trigger":"get sidetracked in the village","check":{"skill":"none","value":"0"},"out":"1E","fail":""},{"trigger":"turn your back","check":{"skill":"none","value":"0"},"out":"2E","fail":""}]}