{"text":"You use your astounding wisdom to study and solve the puzzle for weeks and in doing so manage to unleash the Ancient Evil left sealed in that book for countless generations. But is it really your fault? After all, who seals evil behind easily solvable puzzles? Congratulations You Have Found The Sealed Ending[New Game]","skillmod":{"skill":"none","value":"0"},"exit":[{"trigger":"[New Game]","check":{"skill":"none","value":"0"},"out":"start","fail":""},{"trigger":"","check":{"skill":"none","value":"0"},"out":"start","fail":""}]}
